Title,Price,Rating,Colors,Size,Gender
Unknown Product,$100.00,5,5,M,Men
T-shirt 2,$102.15,3.9,3,M,Women
Hoodie 3,$496.88,4.8,3,L,Unisex
Pants 4,$467.31,3.3,3,XL,Men
Outerwear 5,$321.59,3.5,3,XXL,Women
Jacket 6,$153.37,3.3,3,S,Unisex
Crewneck 7,$430.75,4.3,3,M,Men
T-shirt 8,$487.66,3.1,3,L,Women
Hoodie 9,$248.26,3.2,3,XL,Unisex
Pants 10,$193.76,4.2,3,XXL,Men
Unknown Product,$100.00,5,5,M,Men
Jacket 12,$532.99,3.9,3,M,Unisex
Crewneck 13,$340.45,3.2,3,L,Men
T-shirt 14,$203.05,3.8,3,XL,Women
Hoodie 15,$136.51,3.6,3,XXL,Unisex
Pants 16,No Price,Not Rated,8,S,Men
Outerwear 17,$52.60,3.8,3,M,Women
Jacket 18,$343.75,3.8,3,L,Unisex
Crewneck 19,$81.81,3.6,3,XL,Men
T-shirt 20,$82.85,3.4,3,XXL,Women
Unknown Product,$100.00,5,5,M,Men
Pants 22,$269.98,4.9,3,M,Men
Outerwear 23,$290.99,3.7,3,L,Women
Jacket 24,$513.97,3.9,3,XL,Unisex
Crewneck 25,$520.16,3.3,3,XXL,Men
T-shirt 26,$455.77,4.6,3,S,Women
Hoodie 27,$221.99,4.8,3,M,Unisex
Pants 28,$326.01,4.0,3,L,Men
Outerwear 29,$53.85,3.1,3,XL,Women
Jacket 30,$538.14,3.7,3,XXL,Unisex
Unknown Product,$100.00,5,5,M,Men
T-shirt 32,$416.12,3.4,3,M,Women
Hoodie 33,$453.01,3.5,3,L,Unisex
Pants 34,$522.67,3.8,3,XL,Men
Outerwear 35,$84.76,3.8,3,XXL,Women
Jacket 36,$453.08,3.7,3,S,Unisex
Crewneck 37,$375.38,4.0,3,M,Men
T-shirt 38,$304.13,3.2,3,L,Women
Hoodie 39,$401.95,4.6,3,XL,Unisex
Pants 40,$365.85,3.1,3,XXL,Men
Unknown Product,$100.00,5,5,M,Men
Jacket 42,$421.51,3.7,3,M,Unisex
Crewneck 43,$181.85,4.5,3,L,Men
T-shirt 44,$207.02,3.0,3,XL,Women
Hoodie 45,$543.32,4.5,3,XXL,Unisex
Pants 46,No Price,Not Rated,8,S,Men
Outerwear 47,$397.79,3.2,3,M,Women
Jacket 48,$312.17,3.4,3,L,Unisex
Crewneck 49,$66.95,4.0,3,XL,Men
T-shirt 50,$370.81,3.1,3,XXL,Women
Unknown Product,$100.00,5,5,M,Men
Pants 52,$99.78,4.0,3,M,Men
Outerwear 53,$279.43,4.3,3,L,Women
Jacket 54,$53.41,4.2,3,XL,Unisex
Crewneck 55,$112.11,3.6,3,XXL,Men
T-shirt 56,$290.19,3.8,3,S,Women
Hoodie 57,$197.21,4.9,3,M,Unisex
Pants 58,$102.36,4.4,3,L,Men
Outerwear 59,$140.89,4.6,3,XL,Women
Jacket 60,$210.97,4.2,3,XXL,Unisex
Unknown Product,$100.00,5,5,M,Men
T-shirt 62,$86.03,3.8,3,M,Women
Hoodie 63,$404.95,3.6,3,L,Unisex
Pants 64,$483.03,4.0,3,XL,Men
Outerwear 65,$149.12,4.1,3,XXL,Women
Jacket 66,$272.07,3.5,3,S,Unisex
Crewneck 67,$529.42,3.5,3,M,Men
T-shirt 68,$501.58,4.0,3,L,Women
Hoodie 69,$64.24,3.6,3,XL,Unisex
Pants 70,$73.21,4.4,3,XXL,Men
Unknown Product,$100.00,5,5,M,Men
Jacket 72,$236.00,4.4,3,M,Unisex
Crewneck 73,$153.77,3.0,3,L,Men
T-shirt 74,$481.55,3.8,3,XL,Women
Hoodie 75,$131.36,4.3,3,XXL,Unisex
Pants 76,No Price,Not Rated,8,S,Men
Outerwear 77,$53.86,3.7,3,M,Women
Jacket 78,$169.78,4.3,3,L,Unisex
Crewneck 79,$206.85,4.6,3,XL,Men
T-shirt 80,$261.15,4.5,3,XXL,Women
Unknown Product,$100.00,5,5,M,Men
Pants 82,$519.72,4.8,3,M,Men
Outerwear 83,$246.74,3.7,3,L,Women
Jacket 84,$176.63,4.8,3,XL,Unisex
Crewneck 85,$285.26,3.5,3,XXL,Men
T-shirt 86,$104.43,3.9,3,S,Women
Hoodie 87,$491.89,4.3,3,M,Unisex
Pants 88,$474.40,3.1,3,L,Men
Outerwear 89,$303.52,3.0,3,XL,Women
Jacket 90,$447.50,4.0,3,XXL,Unisex
Unknown Product,$100.00,5,5,M,Men
T-shirt 92,$313.27,3.5,3,M,Women
Hoodie 93,$85.33,3.6,3,L,Unisex
Pants 94,$67.18,4.3,3,XL,Men
Outerwear 95,$378.89,3.5,3,XXL,Women
Jacket 96,$287.39,4.9,3,S,Unisex
Crewneck 97,$382.07,3.9,3,M,Men
T-shirt 98,$537.31,3.1,3,L,Women
Hoodie 99,$314.25,3.6,3,XL,Unisex
Pants 100,$138.58,4.6,3,XXL,Men
Unknown Product,$100.00,5,5,M,Men
Jacket 102,$240.04,3.3,3,M,Unisex
Crewneck 103,$145.73,3.5,3,L,Men
T-shirt 104,$148.40,3.8,3,XL,Women
Hoodie 105,$313.74,4.2,3,XXL,Unisex
Pants 106,No Price,Not Rated,8,S,Men
Outerwear 107,$414.07,4.0,3,M,Women
Jacket 108,$346.98,4.8,3,L,Unisex
Crewneck 109,$367.93,3.3,3,XL,Men
T-shirt 110,$449.82,4.6,3,XXL,Women
Unknown Product,$100.00,5,5,M,Men
Pants 112,$266.37,3.3,3,M,Men
Outerwear 113,$279.50,3.7,3,L,Women
Jacket 114,$336.66,4.9,3,XL,Unisex
Crewneck 115,$120.83,4.5,3,XXL,Men
T-shirt 116,$217.16,3.0,3,S,Women
Hoodie 117,$211.02,5.0,3,M,Unisex
Pants 118,$349.09,3.2,3,L,Men
Outerwear 119,$222.61,3.4,3,XL,Women
Jacket 120,$467.52,4.0,3,XXL,Unisex
Unknown Product,$100.00,5,5,M,Men
T-shirt 122,$122.62,3.6,3,M,Women
Hoodie 123,$281.13,3.8,3,L,Unisex
Pants 124,$438.97,3.2,3,XL,Men
Outerwear 125,$437.39,4.2,3,XXL,Women
Jacket 126,$276.63,3.9,3,S,Unisex
Crewneck 127,$519.48,4.0,3,M,Men
T-shirt 128,$279.17,3.8,3,L,Women
Hoodie 129,$158.28,4.5,3,XL,Unisex
Pants 130,$412.72,4.8,3,XXL,Men
Unknown Product,$100.00,5,5,M,Men
Jacket 132,$404.68,4.2,3,M,Unisex
Crewneck 133,$126.02,4.7,3,L,Men
T-shirt 134,$371.09,3.2,3,XL,Women
Hoodie 135,$321.34,4.7,3,XXL,Unisex
Pants 136,No Price,Not Rated,8,S,Men
Outerwear 137,$436.77,4.5,3,M,Women
Jacket 138,$289.72,3.4,3,L,Unisex
Crewneck 139,$503.32,4.5,3,XL,Men
T-shirt 140,$425.69,3.5,3,XXL,Women
Unknown Product,$100.00,5,5,M,Men
Pants 142,$145.33,4.9,3,M,Men
Outerwear 143,$209.16,4.9,3,L,Women
Jacket 144,$359.89,4.3,3,XL,Unisex
Crewneck 145,$217.05,4.8,3,XXL,Men
T-shirt 146,$480.54,4.3,3,S,Women
Hoodie 147,$190.80,5.0,3,M,Unisex
Pants 148,$377.09,4.7,3,L,Men
Outerwear 149,$194.12,3.2,3,XL,Women
Jacket 150,$93.79,3.6,3,XXL,Unisex
Unknown Product,$100.00,5,5,M,Men
T-shirt 152,$393.04,4.2,3,M,Women
Hoodie 153,$166.29,4.3,3,L,Unisex
Pants 154,$146.09,3.0,3,XL,Men
Outerwear 155,$236.45,4.1,3,XXL,Women
Jacket 156,$415.32,3.6,3,S,Unisex
Crewneck 157,$69.11,4.0,3,M,Men
T-shirt 158,$457.57,4.0,3,L,Women
Hoodie 159,$148.23,4.9,3,XL,Unisex
Pants 160,$175.18,3.4,3,XXL,Men
Unknown Product,$100.00,5,5,M,Men
Jacket 162,$96.49,4.5,3,M,Unisex
Crewneck 163,$491.37,4.4,3,L,Men
T-shirt 164,$219.50,3.9,3,XL,Women
Hoodie 165,$432.58,4.9,3,XXL,Unisex
Pants 166,No Price,Not Rated,8,S,Men
Outerwear 167,$204.61,3.1,3,M,Women
Jacket 168,$54.40,4.4,3,L,Unisex
Crewneck 169,$502.05,4.7,3,XL,Men
T-shirt 170,$417.37,4.5,3,XXL,Women
Unknown Product,$100.00,5,5,M,Men
Pants 172,$97.88,4.9,3,M,Men
Outerwear 173,$439.66,4.6,3,L,Women
Jacket 174,$392.64,3.3,3,XL,Unisex
Crewneck 175,$507.82,4.5,3,XXL,Men
T-shirt 176,$381.52,3.6,3,S,Women
Hoodie 177,$118.15,4.6,3,M,Unisex
Pants 178,$386.51,3.0,3,L,Men
Outerwear 179,$363.54,3.5,3,XL,Women
Jacket 180,$347.04,3.9,3,XXL,Unisex
Unknown Product,$100.00,5,5,M,Men
T-shirt 182,$145.93,3.8,3,M,Women
Hoodie 183,$244.04,3.6,3,L,Unisex
Pants 184,$484.97,4.5,3,XL,Men
Outerwear 185,$488.93,3.2,3,XXL,Women
Jacket 186,$433.78,4.2,3,S,Unisex
Crewneck 187,$416.47,3.8,3,M,Men
T-shirt 188,$245.49,4.4,3,L,Women
Hoodie 189,$121.67,4.0,3,XL,Unisex
Pants 190,$138.81,4.5,3,XXL,Men
Unknown Product,$100.00,5,5,M,Men
Jacket 192,$316.64,3.8,3,M,Unisex
Crewneck 193,$459.73,4.1,3,L,Men
T-shirt 194,$176.17,4.9,3,XL,Women
Hoodie 195,$450.56,4.9,3,XXL,Unisex
Pants 196,No Price,Not Rated,8,S,Men
Outerwear 197,$355.10,4.9,3,M,Women
Jacket 198,$339.69,4.5,3,L,Unisex
Crewneck 199,$421.52,3.1,3,XL,Men
T-shirt 200,$393.12,3.5,3,XXL,Women
Unknown Product,$100.00,5,5,M,Men
Pants 202,$349.53,3.3,3,M,Men
Outerwear 203,$134.00,3.4,3,L,Women
Jacket 204,$376.94,3.9,3,XL,Unisex
Crewneck 205,$402.18,3.2,3,XXL,Men
T-shirt 206,$292.17,4.5,3,S,Women
Hoodie 207,$381.34,3.5,3,M,Unisex
Pants 208,$289.85,3.1,3,L,Men
Outerwear 209,$498.79,4.3,3,XL,Women
Jacket 210,$489.21,4.7,3,XXL,Unisex
Unknown Product,$100.00,5,5,M,Men
T-shirt 212,$549.68,4.7,3,M,Women
Hoodie 213,$359.25,3.6,3,L,Unisex
Pants 214,$269.73,4.9,3,XL,Men
Outerwear 215,$90.60,3.8,3,XXL,Women
Jacket 216,$286.03,4.6,3,S,Unisex
Crewneck 217,$360.81,4.8,3,M,Men
T-shirt 218,$350.02,3.1,3,L,Women
Hoodie 219,$354.44,4.6,3,XL,Unisex
Pants 220,$209.85,3.2,3,XXL,Men
Unknown Product,$100.00,5,5,M,Men
Jacket 222,$464.88,3.4,3,M,Unisex
Crewneck 223,$59.56,4.8,3,L,Men
T-shirt 224,$220.91,4.5,3,XL,Women
Hoodie 225,$327.05,3.5,3,XXL,Unisex
Pants 226,No Price,Not Rated,8,S,Men
Outerwear 227,$421.41,4.8,3,M,Women
Jacket 228,$504.80,4.5,3,L,Unisex
Crewneck 229,$193.87,4.9,3,XL,Men
T-shirt 230,$445.83,4.5,3,XXL,Women
Unknown Product,$100.00,5,5,M,Men
Pants 232,$520.46,4.0,3,M,Men
Outerwear 233,$52.96,4.8,3,L,Women
Jacket 234,$72.45,4.5,3,XL,Unisex
Crewneck 235,$410.02,3.4,3,XXL,Men
T-shirt 236,$343.27,3.9,3,S,Women
Hoodie 237,$296.47,3.1,3,M,Unisex
Pants 238,$518.87,3.8,3,L,Men
Outerwear 239,$495.88,3.1,3,XL,Women
Jacket 240,$475.00,3.8,3,XXL,Unisex
Unknown Product,$100.00,5,5,M,Men
T-shirt 242,$302.10,3.4,3,M,Women
Hoodie 243,$210.73,3.1,3,L,Unisex
Pants 244,$507.26,3.1,3,XL,Men
Outerwear 245,$90.73,4.0,3,XXL,Women
Jacket 246,$545.94,3.1,3,S,Unisex
Crewneck 247,$548.07,3.0,3,M,Men
T-shirt 248,$142.50,4.5,3,L,Women
Hoodie 249,$134.34,4.2,3,XL,Unisex
Pants 250,$269.64,3.1,3,XXL,Men
Unknown Product,$100.00,5,5,M,Men
Jacket 252,$525.53,3.2,3,M,Unisex
Crewneck 253,$115.92,3.9,3,L,Men
T-shirt 254,$374.01,3.9,3,XL,Women
Hoodie 255,$229.25,4.1,3,XXL,Unisex
Pants 256,No Price,Not Rated,8,S,Men
Outerwear 257,$442.07,5.0,3,M,Women
Jacket 258,$130.04,4.7,3,L,Unisex
Crewneck 259,$142.22,3.3,3,XL,Men
T-shirt 260,$391.97,3.5,3,XXL,Women
Unknown Product,$100.00,5,5,M,Men
Pants 262,$68.61,3.4,3,M,Men
Outerwear 263,$117.40,4.2,3,L,Women
Jacket 264,$128.94,4.8,3,XL,Unisex
Crewneck 265,$155.19,3.5,3,XXL,Men
T-shirt 266,$302.63,4.6,3,S,Women
Hoodie 267,$255.39,4.3,3,M,Unisex
Pants 268,$312.82,3.6,3,L,Men
Outerwear 269,$504.62,3.1,3,XL,Women
Jacket 270,$160.57,4.2,3,XXL,Unisex
Unknown Product,$100.00,5,5,M,Men
T-shirt 272,$363.24,3.3,3,M,Women
Hoodie 273,$330.71,4.9,3,L,Unisex
Pants 274,$229.33,4.2,3,XL,Men
Outerwear 275,$348.46,4.8,3,XXL,Women
Jacket 276,$63.35,4.3,3,S,Unisex
Crewneck 277,$148.98,4.7,3,M,Men
T-shirt 278,$130.46,3.8,3,L,Women
Hoodie 279,$349.52,4.7,3,XL,Unisex
Pants 280,$468.84,3.9,3,XXL,Men
Unknown Product,$100.00,5,5,M,Men
Jacket 282,$139.19,3.0,3,M,Unisex
Crewneck 283,$414.57,3.2,3,L,Men
T-shirt 284,$410.50,3.6,3,XL,Women
Hoodie 285,$188.07,3.2,3,XXL,Unisex
Pants 286,No Price,Not Rated,8,S,Men
Outerwear 287,$329.60,3.7,3,M,Women
Jacket 288,$195.19,4.1,3,L,Unisex
Crewneck 289,$55.50,4.0,3,XL,Men
T-shirt 290,$401.57,4.2,3,XXL,Women
Unknown Product,$100.00,5,5,M,Men
Pants 292,$149.03,3.9,3,M,Men
Outerwear 293,$73.51,4.5,3,L,Women
Jacket 294,$371.70,3.8,3,XL,Unisex
Crewneck 295,$454.17,4.9,3,XXL,Men
T-shirt 296,$73.26,3.1,3,S,Women
Hoodie 297,$487.57,3.6,3,M,Unisex
Pants 298,$151.63,4.8,3,L,Men
Outerwear 299,$121.74,4.3,3,XL,Women
Jacket 300,$400.53,4.0,3,XXL,Unisex
Unknown Product,$100.00,5,5,M,Men
T-shirt 302,$356.95,3.2,3,M,Women
Hoodie 303,$498.41,4.1,3,L,Unisex
Pants 304,$445.61,3.4,3,XL,Men
Outerwear 305,$395.34,4.5,3,XXL,Women
Jacket 306,$473.44,4.2,3,S,Unisex
Crewneck 307,$483.45,3.7,3,M,Men
T-shirt 308,$255.38,4.1,3,L,Women
Hoodie 309,$247.07,4.8,3,XL,Unisex
Pants 310,$395.58,4.7,3,XXL,Men
Unknown Product,$100.00,5,5,M,Men
Jacket 312,$454.19,3.8,3,M,Unisex
Crewneck 313,$121.77,3.1,3,L,Men
T-shirt 314,$376.07,3.2,3,XL,Women
Hoodie 315,$438.93,3.1,3,XXL,Unisex
Pants 316,No Price,Not Rated,8,S,Men
Outerwear 317,$328.69,3.3,3,M,Women
Jacket 318,$354.20,3.7,3,L,Unisex
Crewneck 319,$192.87,3.3,3,XL,Men
T-shirt 320,$51.84,3.3,3,XXL,Women
Unknown Product,$100.00,5,5,M,Men
Pants 322,$488.15,3.2,3,M,Men
Outerwear 323,$529.25,3.1,3,L,Women
Jacket 324,$380.17,3.3,3,XL,Unisex
Crewneck 325,$187.61,3.4,3,XXL,Men
T-shirt 326,$282.46,4.9,3,S,Women
Hoodie 327,$415.09,4.4,3,M,Unisex
Pants 328,$358.31,4.5,3,L,Men
Outerwear 329,$420.26,4.7,3,XL,Women
Jacket 330,$99.45,4.3,3,XXL,Unisex
Unknown Product,$100.00,5,5,M,Men
T-shirt 332,$145.98,3.4,3,M,Women
Hoodie 333,$109.13,4.8,3,L,Unisex
Pants 334,$150.59,3.8,3,XL,Men
Outerwear 335,$176.67,3.0,3,XXL,Women
Jacket 336,$389.86,5.0,3,S,Unisex
Crewneck 337,$538.05,4.3,3,M,Men
T-shirt 338,$180.21,3.9,3,L,Women
Hoodie 339,$276.55,4.9,3,XL,Unisex
Pants 340,$373.45,4.3,3,XXL,Men
Unknown Product,$100.00,5,5,M,Men
Jacket 342,$114.23,4.8,3,M,Unisex
Crewneck 343,$142.44,4.1,3,L,Men
T-shirt 344,$213.48,4.5,3,XL,Women
Hoodie 345,$473.59,3.3,3,XXL,Unisex
Pants 346,No Price,Not Rated,8,S,Men
Outerwear 347,$436.63,4.7,3,M,Women
Jacket 348,$199.69,4.6,3,L,Unisex
Crewneck 349,$380.35,3.5,3,XL,Men
T-shirt 350,$502.98,5.0,3,XXL,Women
Unknown Product,$100.00,5,5,M,Men
Pants 352,$177.43,4.0,3,M,Men
Outerwear 353,$60.10,3.6,3,L,Women
Jacket 354,$143.42,3.8,3,XL,Unisex
Crewneck 355,$265.41,3.2,3,XXL,Men
T-shirt 356,$446.88,4.3,3,S,Women
Hoodie 357,$233.71,3.6,3,M,Unisex
Pants 358,$529.97,3.9,3,L,Men
Outerwear 359,$106.03,4.3,3,XL,Women
Jacket 360,$549.27,4.8,3,XXL,Unisex
Unknown Product,$100.00,5,5,M,Men
T-shirt 362,$298.55,5.0,3,M,Women
Hoodie 363,$73.21,3.2,3,L,Unisex
Pants 364,$310.80,4.8,3,XL,Men
Outerwear 365,$434.78,4.5,3,XXL,Women
Jacket 366,$365.93,4.9,3,S,Unisex
Crewneck 367,$522.46,4.9,3,M,Men
T-shirt 368,$60.32,3.2,3,L,Women
Hoodie 369,$450.31,4.7,3,XL,Unisex
Pants 370,$284.98,3.6,3,XXL,Men
Unknown Product,$100.00,5,5,M,Men
Jacket 372,$315.81,3.6,3,M,Unisex
Crewneck 373,$139.44,3.6,3,L,Men
T-shirt 374,$481.07,3.9,3,XL,Women
Hoodie 375,$439.22,3.9,3,XXL,Unisex
Pants 376,No Price,Not Rated,8,S,Men
Outerwear 377,$425.13,4.8,3,M,Women
Jacket 378,$212.65,3.6,3,L,Unisex
Crewneck 379,$247.70,4.4,3,XL,Men
T-shirt 380,$159.19,3.8,3,XXL,Women
Unknown Product,$100.00,5,5,M,Men
Pants 382,$84.76,4.4,3,M,Men
Outerwear 383,$214.44,3.4,3,L,Women
Jacket 384,$90.81,3.3,3,XL,Unisex
Crewneck 385,$496.92,4.9,3,XXL,Men
T-shirt 386,$299.60,4.6,3,S,Women
Hoodie 387,$526.13,4.2,3,M,Unisex
Pants 388,$58.20,3.1,3,L,Men
Outerwear 389,$180.20,5.0,3,XL,Women
Jacket 390,$339.56,3.3,3,XXL,Unisex
Unknown Product,$100.00,5,5,M,Men
T-shirt 392,$76.63,4.4,3,M,Women
Hoodie 393,$254.28,3.2,3,L,Unisex
Pants 394,$221.25,3.3,3,XL,Men
Outerwear 395,$193.67,4.0,3,XXL,Women
Jacket 396,$156.58,3.9,3,S,Unisex
Crewneck 397,$53.46,3.6,3,M,Men
T-shirt 398,$287.05,4.7,3,L,Women
Hoodie 399,$157.72,3.6,3,XL,Unisex
Pants 400,$376.29,4.7,3,XXL,Men
Unknown Product,$100.00,5,5,M,Men
Jacket 402,$126.82,4.6,3,M,Unisex
Crewneck 403,$98.77,4.1,3,L,Men
T-shirt 404,$218.82,4.9,3,XL,Women
Hoodie 405,$317.51,3.8,3,XXL,Unisex
Pants 406,No Price,Not Rated,8,S,Men
Outerwear 407,$172.58,3.7,3,M,Women
Jacket 408,$261.00,4.9,3,L,Unisex
Crewneck 409,$201.36,3.5,3,XL,Men
T-shirt 410,$99.17,3.1,3,XXL,Women
Unknown Product,$100.00,5,5,M,Men
Pants 412,$339.89,4.4,3,M,Men
Outerwear 413,$81.65,3.4,3,L,Women
Jacket 414,$139.67,3.7,3,XL,Unisex
Crewneck 415,$226.09,3.1,3,XXL,Men
T-shirt 416,$278.38,3.1,3,S,Women
Hoodie 417,$173.09,4.6,3,M,Unisex
Pants 418,$394.24,5.0,3,L,Men
Outerwear 419,$437.75,5.0,3,XL,Women
Jacket 420,$154.54,3.1,3,XXL,Unisex
Unknown Product,$100.00,5,5,M,Men
T-shirt 422,$57.77,3.9,3,M,Women
Hoodie 423,$287.61,3.7,3,L,Unisex
Pants 424,$241.61,4.4,3,XL,Men
Outerwear 425,$158.03,4.8,3,XXL,Women
Jacket 426,$216.40,3.4,3,S,Unisex
Crewneck 427,$398.45,3.3,3,M,Men
T-shirt 428,$440.82,4.9,3,L,Women
Hoodie 429,$103.66,4.9,3,XL,Unisex
Pants 430,$90.13,3.9,3,XXL,Men
Unknown Product,$100.00,5,5,M,Men
Jacket 432,$134.49,4.5,3,M,Unisex
Crewneck 433,$242.03,4.2,3,L,Men
T-shirt 434,$409.82,4.9,3,XL,Women
Hoodie 435,$63.48,4.0,3,XXL,Unisex
Pants 436,No Price,Not Rated,8,S,Men
Outerwear 437,$63.55,3.9,3,M,Women
Jacket 438,$153.32,4.5,3,L,Unisex
Crewneck 439,$250.34,3.2,3,XL,Men
T-shirt 440,$332.88,3.0,3,XXL,Women
Unknown Product,$100.00,5,5,M,Men
Pants 442,$293.85,4.3,3,M,Men
Outerwear 443,$453.92,4.2,3,L,Women
Jacket 444,$251.06,3.3,3,XL,Unisex
Crewneck 445,$223.39,4.5,3,XXL,Men
T-shirt 446,$483.76,3.2,3,S,Women
Hoodie 447,$296.79,4.0,3,M,Unisex
Pants 448,$51.26,4.4,3,L,Men
Outerwear 449,$400.63,4.0,3,XL,Women
Jacket 450,$547.18,3.1,3,XXL,Unisex
Unknown Product,$100.00,5,5,M,Men
T-shirt 452,$430.80,4.4,3,M,Women
Hoodie 453,$411.06,4.2,3,L,Unisex
Pants 454,$136.22,5.0,3,XL,Men
Outerwear 455,$68.38,4.8,3,XXL,Women
Jacket 456,$506.00,4.1,3,S,Unisex
Crewneck 457,$458.93,4.8,3,M,Men
T-shirt 458,$265.00,4.4,3,L,Women
Hoodie 459,$202.33,3.5,3,XL,Unisex
Pants 460,$117.55,3.6,3,XXL,Men
Unknown Product,$100.00,5,5,M,Men
Jacket 462,$422.99,4.5,3,M,Unisex
Crewneck 463,$471.22,4.5,3,L,Men
T-shirt 464,$379.38,4.5,3,XL,Women
Hoodie 465,$385.27,4.7,3,XXL,Unisex
Pants 466,No Price,Not Rated,8,S,Men
Outerwear 467,$82.87,3.5,3,M,Women
Jacket 468,$286.56,3.7,3,L,Unisex
Crewneck 469,$108.68,4.2,3,XL,Men
T-shirt 470,$483.68,3.1,3,XXL,Women
Unknown Product,$100.00,5,5,M,Men
Pants 472,$243.88,3.1,3,M,Men
Outerwear 473,$342.38,4.2,3,L,Women
Jacket 474,$366.56,4.7,3,XL,Unisex
Crewneck 475,$438.58,4.6,3,XXL,Men
T-shirt 476,$249.14,4.3,3,S,Women
Hoodie 477,$414.13,4.2,3,M,Unisex
Pants 478,$307.00,3.8,3,L,Men
Outerwear 479,$456.40,4.4,3,XL,Women
Jacket 480,$311.64,4.2,3,XXL,Unisex
Unknown Product,$100.00,5,5,M,Men
T-shirt 482,$209.53,4.8,3,M,Women
Hoodie 483,$252.19,4.2,3,L,Unisex
Pants 484,$401.79,4.1,3,XL,Men
Outerwear 485,$252.78,4.7,3,XXL,Women
Jacket 486,$160.86,3.0,3,S,Unisex
Crewneck 487,$434.72,3.7,3,M,Men
T-shirt 488,$549.36,3.8,3,L,Women
Hoodie 489,$222.16,5.0,3,XL,Unisex
Pants 490,$442.60,3.1,3,XXL,Men
Unknown Product,$100.00,5,5,M,Men
Jacket 492,$375.74,3.0,3,M,Unisex
Crewneck 493,$316.97,4.8,3,L,Men
T-shirt 494,$86.88,3.4,3,XL,Women
Hoodie 495,$103.95,4.5,3,XXL,Unisex
Pants 496,No Price,Not Rated,8,S,Men
Outerwear 497,$247.36,4.4,3,M,Women
Jacket 498,$275.80,4.6,3,L,Unisex
Crewneck 499,$489.12,4.1,3,XL,Men
T-shirt 500,$507.15,4.2,3,XXL,Women
Unknown Product,$100.00,5,5,M,Men
Pants 502,$445.78,4.4,3,M,Men
Outerwear 503,$307.78,4.8,3,L,Women
Jacket 504,$501.53,5.0,3,XL,Unisex
Crewneck 505,$546.73,4.3,3,XXL,Men
T-shirt 506,$535.75,3.6,3,S,Women
Hoodie 507,$427.75,4.7,3,M,Unisex
Pants 508,$485.38,3.5,3,L,Men
Outerwear 509,$448.65,3.1,3,XL,Women
Jacket 510,$97.63,3.4,3,XXL,Unisex
Unknown Product,$100.00,5,5,M,Men
T-shirt 512,$269.98,3.7,3,M,Women
Hoodie 513,$105.86,4.4,3,L,Unisex
Pants 514,$430.56,3.9,3,XL,Men
Outerwear 515,$453.91,3.1,3,XXL,Women
Jacket 516,$445.67,3.4,3,S,Unisex
Crewneck 517,$66.83,3.5,3,M,Men
T-shirt 518,$160.98,4.1,3,L,Women
Hoodie 519,$139.76,4.5,3,XL,Unisex
Pants 520,$144.27,3.8,3,XXL,Men
Unknown Product,$100.00,5,5,M,Men
Jacket 522,$393.31,4.0,3,M,Unisex
Crewneck 523,$226.67,4.6,3,L,Men
T-shirt 524,$58.50,3.8,3,XL,Women
Hoodie 525,$494.94,3.6,3,XXL,Unisex
Pants 526,No Price,Not Rated,8,S,Men
Outerwear 527,$291.83,3.6,3,M,Women
Jacket 528,$349.74,4.0,3,L,Unisex
Crewneck 529,$88.76,3.2,3,XL,Men
T-shirt 530,$385.86,3.3,3,XXL,Women
Unknown Product,$100.00,5,5,M,Men
Pants 532,$524.45,4.1,3,M,Men
Outerwear 533,$210.64,4.2,3,L,Women
Jacket 534,$217.45,3.7,3,XL,Unisex
Crewneck 535,$243.83,3.7,3,XXL,Men
T-shirt 536,$318.28,3.0,3,S,Women
Hoodie 537,$541.99,3.1,3,M,Unisex
Pants 538,$383.39,3.4,3,L,Men
Outerwear 539,$293.29,4.7,3,XL,Women
Jacket 540,$440.74,4.4,3,XXL,Unisex
Unknown Product,$100.00,5,5,M,Men
T-shirt 542,$297.59,3.5,3,M,Women
Hoodie 543,$544.73,4.7,3,L,Unisex
Pants 544,$372.36,3.1,3,XL,Men
Outerwear 545,$223.71,4.0,3,XXL,Women
Jacket 546,$391.97,3.3,3,S,Unisex
Crewneck 547,$335.07,3.9,3,M,Men
T-shirt 548,$167.89,4.6,3,L,Women
Hoodie 549,$167.95,3.7,3,XL,Unisex
Pants 550,$278.13,4.9,3,XXL,Men
Unknown Product,$100.00,5,5,M,Men
Jacket 552,$336.27,4.1,3,M,Unisex
Crewneck 553,$485.05,3.8,3,L,Men
T-shirt 554,$250.07,4.5,3,XL,Women
Hoodie 555,$113.10,3.0,3,XXL,Unisex
Pants 556,No Price,Not Rated,8,S,Men
Outerwear 557,$341.28,3.4,3,M,Women
Jacket 558,$312.94,4.0,3,L,Unisex
Crewneck 559,$99.43,3.5,3,XL,Men
T-shirt 560,$430.33,4.2,3,XXL,Women
Unknown Product,$100.00,5,5,M,Men
Pants 562,$232.76,4.5,3,M,Men
Outerwear 563,$512.34,4.7,3,L,Women
Jacket 564,$519.95,4.3,3,XL,Unisex
Crewneck 565,$477.20,3.5,3,XXL,Men
T-shirt 566,$163.21,4.6,3,S,Women
Hoodie 567,$286.01,3.2,3,M,Unisex
Pants 568,$186.51,3.3,3,L,Men
Outerwear 569,$310.43,4.7,3,XL,Women
Jacket 570,$250.06,3.9,3,XXL,Unisex
Unknown Product,$100.00,5,5,M,Men
T-shirt 572,$297.27,3.2,3,M,Women
Hoodie 573,$434.63,4.5,3,L,Unisex
Pants 574,$151.50,3.8,3,XL,Men
Outerwear 575,$219.86,3.4,3,XXL,Women
Jacket 576,$50.35,3.5,3,S,Unisex
Crewneck 577,$492.12,3.3,3,M,Men
T-shirt 578,$497.43,4.1,3,L,Women
Hoodie 579,$276.79,4.4,3,XL,Unisex
Pants 580,$164.09,3.3,3,XXL,Men
Unknown Product,$100.00,5,5,M,Men
Jacket 582,$257.01,4.1,3,M,Unisex
Crewneck 583,$358.61,4.5,3,L,Men
T-shirt 584,$435.31,4.8,3,XL,Women
Hoodie 585,$386.68,4.9,3,XXL,Unisex
Pants 586,No Price,Not Rated,8,S,Men
Outerwear 587,$276.56,4.4,3,M,Women
Jacket 588,$310.19,4.7,3,L,Unisex
Crewneck 589,$58.24,4.7,3,XL,Men
T-shirt 590,$403.57,3.9,3,XXL,Women
Unknown Product,$100.00,5,5,M,Men
Pants 592,$425.34,4.3,3,M,Men
Outerwear 593,$447.74,3.9,3,L,Women
Jacket 594,$544.23,4.2,3,XL,Unisex
Crewneck 595,$232.74,3.5,3,XXL,Men
T-shirt 596,$518.15,4.4,3,S,Women
Hoodie 597,$498.09,3.3,3,M,Unisex
Pants 598,$294.63,4.1,3,L,Men
Outerwear 599,$73.69,3.3,3,XL,Women
Jacket 600,$400.88,3.0,3,XXL,Unisex
Unknown Product,$100.00,5,5,M,Men
T-shirt 602,$141.31,4.4,3,M,Women
Hoodie 603,$469.47,3.1,3,L,Unisex
Pants 604,$478.89,4.3,3,XL,Men
Outerwear 605,$106.92,3.7,3,XXL,Women
Jacket 606,$360.67,4.6,3,S,Unisex
Crewneck 607,$241.10,3.1,3,M,Men
T-shirt 608,$440.49,4.6,3,L,Women
Hoodie 609,$184.77,4.1,3,XL,Unisex
Pants 610,$282.21,3.3,3,XXL,Men
Unknown Product,$100.00,5,5,M,Men
Jacket 612,$200.17,3.1,3,M,Unisex
Crewneck 613,$63.37,3.6,3,L,Men
T-shirt 614,$151.76,3.1,3,XL,Women
Hoodie 615,$299.92,4.8,3,XXL,Unisex
Pants 616,No Price,Not Rated,8,S,Men
Outerwear 617,$110.37,4.3,3,M,Women
Jacket 618,$404.63,3.3,3,L,Unisex
Crewneck 619,$521.29,4.4,3,XL,Men
T-shirt 620,$141.89,3.3,3,XXL,Women
Unknown Product,$100.00,5,5,M,Men
Pants 622,$303.10,3.5,3,M,Men
Outerwear 623,$456.22,4.6,3,L,Women
Jacket 624,$433.95,3.9,3,XL,Unisex
Crewneck 625,$489.15,4.1,3,XXL,Men
T-shirt 626,$486.09,4.5,3,S,Women
Hoodie 627,$77.02,3.2,3,M,Unisex
Pants 628,$507.07,4.3,3,L,Men
Outerwear 629,$249.87,4.4,3,XL,Women
Jacket 630,$62.73,3.8,3,XXL,Unisex
Unknown Product,$100.00,5,5,M,Men
T-shirt 632,$269.64,3.6,3,M,Women
Hoodie 633,$195.50,3.1,3,L,Unisex
Pants 634,$533.48,3.9,3,XL,Men
Outerwear 635,$431.07,4.1,3,XXL,Women
Jacket 636,$217.27,4.5,3,S,Unisex
Crewneck 637,$376.89,4.0,3,M,Men
T-shirt 638,$326.31,4.6,3,L,Women
Hoodie 639,$423.92,4.7,3,XL,Unisex
Pants 640,$189.91,3.8,3,XXL,Men
Unknown Product,$100.00,5,5,M,Men
Jacket 642,$484.21,4.7,3,M,Unisex
Crewneck 643,$382.25,3.2,3,L,Men
T-shirt 644,$467.46,4.2,3,XL,Women
Hoodie 645,$205.34,3.3,3,XXL,Unisex
Pants 646,No Price,Not Rated,8,S,Men
Outerwear 647,$269.06,3.8,3,M,Women
Jacket 648,$543.72,4.5,3,L,Unisex
Crewneck 649,$536.76,3.2,3,XL,Men
T-shirt 650,$500.80,3.4,3,XXL,Women
Unknown Product,$100.00,5,5,M,Men
Pants 652,$380.31,3.3,3,M,Men
Outerwear 653,$163.88,4.0,3,L,Women
Jacket 654,$255.59,4.7,3,XL,Unisex
Crewneck 655,$114.64,4.1,3,XXL,Men
T-shirt 656,$158.67,4.2,3,S,Women
Hoodie 657,$528.69,4.8,3,M,Unisex
Pants 658,$391.77,3.8,3,L,Men
Outerwear 659,$113.62,3.3,3,XL,Women
Jacket 660,$544.70,3.5,3,XXL,Unisex
Unknown Product,$100.00,5,5,M,Men
T-shirt 662,$88.92,4.5,3,M,Women
Hoodie 663,$442.95,4.0,3,L,Unisex
Pants 664,$515.54,3.5,3,XL,Men
Outerwear 665,$252.10,3.2,3,XXL,Women
Jacket 666,$302.75,3.9,3,S,Unisex
Crewneck 667,$109.79,3.7,3,M,Men
T-shirt 668,$315.29,3.7,3,L,Women
Hoodie 669,$146.63,3.3,3,XL,Unisex
Pants 670,$525.42,4.8,3,XXL,Men
Unknown Product,$100.00,5,5,M,Men
Jacket 672,$298.51,4.5,3,M,Unisex
Crewneck 673,$175.21,4.7,3,L,Men
T-shirt 674,$197.29,3.1,3,XL,Women
Hoodie 675,$269.68,3.2,3,XXL,Unisex
Pants 676,No Price,Not Rated,8,S,Men
Outerwear 677,$291.09,3.3,3,M,Women
Jacket 678,$173.57,4.3,3,L,Unisex
Crewneck 679,$398.32,3.2,3,XL,Men
T-shirt 680,$510.30,3.2,3,XXL,Women
Unknown Product,$100.00,5,5,M,Men
Pants 682,$476.03,3.9,3,M,Men
Outerwear 683,$244.21,3.6,3,L,Women
Jacket 684,$443.91,3.5,3,XL,Unisex
Crewneck 685,$93.49,4.6,3,XXL,Men
T-shirt 686,$336.36,3.8,3,S,Women
Hoodie 687,$263.80,4.7,3,M,Unisex
Pants 688,$92.97,4.4,3,L,Men
Outerwear 689,$121.19,4.6,3,XL,Women
Jacket 690,$548.91,4.7,3,XXL,Unisex
Unknown Product,$100.00,5,5,M,Men
T-shirt 692,$88.53,4.1,3,M,Women
Hoodie 693,$189.48,4.1,3,L,Unisex
Pants 694,$154.17,3.4,3,XL,Men
Outerwear 695,$59.96,3.3,3,XXL,Women
Jacket 696,$321.64,4.2,3,S,Unisex
Crewneck 697,$409.07,5.0,3,M,Men
T-shirt 698,$152.81,4.1,3,L,Women
Hoodie 699,$328.14,4.5,3,XL,Unisex
Pants 700,$220.41,4.3,3,XXL,Men
Unknown Product,$100.00,5,5,M,Men
Jacket 702,$307.98,4.3,3,M,Unisex
Crewneck 703,$184.32,4.2,3,L,Men
T-shirt 704,$388.39,4.1,3,XL,Women
Hoodie 705,$190.18,3.1,3,XXL,Unisex
Pants 706,No Price,Not Rated,8,S,Men
Outerwear 707,$484.14,4.4,3,M,Women
Jacket 708,$533.83,4.3,3,L,Unisex
Crewneck 709,$438.90,3.9,3,XL,Men
T-shirt 710,$234.47,3.2,3,XXL,Women
Unknown Product,$100.00,5,5,M,Men
Pants 712,$94.40,4.1,3,M,Men
Outerwear 713,$196.43,4.4,3,L,Women
Jacket 714,$55.77,3.1,3,XL,Unisex
Crewneck 715,$438.86,3.9,3,XXL,Men
T-shirt 716,$225.16,4.9,3,S,Women
Hoodie 717,$95.80,3.6,3,M,Unisex
Pants 718,$253.57,3.2,3,L,Men
Outerwear 719,$198.31,4.7,3,XL,Women
Jacket 720,$126.77,3.8,3,XXL,Unisex
Unknown Product,$100.00,5,5,M,Men
T-shirt 722,$545.27,3.2,3,M,Women
Hoodie 723,$354.05,3.4,3,L,Unisex
Pants 724,$301.55,4.7,3,XL,Men
Outerwear 725,$311.20,3.0,3,XXL,Women
Jacket 726,$396.62,3.5,3,S,Unisex
Crewneck 727,$251.50,4.8,3,M,Men
T-shirt 728,$510.84,3.0,3,L,Women
Hoodie 729,$401.96,3.6,3,XL,Unisex
Pants 730,$451.80,4.5,3,XXL,Men
Unknown Product,$100.00,5,5,M,Men
Jacket 732,$412.35,3.9,3,M,Unisex
Crewneck 733,$72.68,4.7,3,L,Men
T-shirt 734,$428.66,4.2,3,XL,Women
Hoodie 735,$291.52,4.0,3,XXL,Unisex
Pants 736,No Price,Not Rated,8,S,Men
Outerwear 737,$63.48,4.7,3,M,Women
Jacket 738,$118.37,3.7,3,L,Unisex
Crewneck 739,$504.56,3.3,3,XL,Men
T-shirt 740,$438.54,3.4,3,XXL,Women
Unknown Product,$100.00,5,5,M,Men
Pants 742,$351.63,3.6,3,M,Men
Outerwear 743,$354.88,3.0,3,L,Women
Jacket 744,$323.48,4.1,3,XL,Unisex
Crewneck 745,$180.16,3.8,3,XXL,Men
T-shirt 746,$94.84,5.0,3,S,Women
Hoodie 747,$395.43,4.7,3,M,Unisex
Pants 748,$195.88,3.7,3,L,Men
Outerwear 749,$164.21,3.2,3,XL,Women
Jacket 750,$64.40,3.7,3,XXL,Unisex
Unknown Product,$100.00,5,5,M,Men
T-shirt 752,$464.47,3.8,3,M,Women
Hoodie 753,$508.60,4.8,3,L,Unisex
Pants 754,$451.86,3.1,3,XL,Men
Outerwear 755,$431.90,4.6,3,XXL,Women
Jacket 756,$445.50,3.1,3,S,Unisex
Crewneck 757,$473.92,4.4,3,M,Men
T-shirt 758,$376.62,3.1,3,L,Women
Hoodie 759,$173.74,4.7,3,XL,Unisex
Pants 760,$136.94,4.1,3,XXL,Men
Unknown Product,$100.00,5,5,M,Men
Jacket 762,$255.74,4.9,3,M,Unisex
Crewneck 763,$362.04,3.9,3,L,Men
T-shirt 764,$450.73,3.4,3,XL,Women
Hoodie 765,$83.96,4.9,3,XXL,Unisex
Pants 766,No Price,Not Rated,8,S,Men
Outerwear 767,$259.55,4.5,3,M,Women
Jacket 768,$353.88,4.9,3,L,Unisex
Crewneck 769,$393.41,3.3,3,XL,Men
T-shirt 770,$103.44,3.5,3,XXL,Women
Unknown Product,$100.00,5,5,M,Men
Pants 772,$546.76,3.4,3,M,Men
Outerwear 773,$212.10,3.2,3,L,Women
Jacket 774,$92.86,4.1,3,XL,Unisex
Crewneck 775,$511.84,3.1,3,XXL,Men
T-shirt 776,$333.32,3.7,3,S,Women
Hoodie 777,$381.55,3.4,3,M,Unisex
Pants 778,$377.17,4.2,3,L,Men
Outerwear 779,$363.53,3.2,3,XL,Women
Jacket 780,$172.97,3.4,3,XXL,Unisex
Unknown Product,$100.00,5,5,M,Men
T-shirt 782,$257.34,4.5,3,M,Women
Hoodie 783,$156.92,3.0,3,L,Unisex
Pants 784,$333.83,3.0,3,XL,Men
Outerwear 785,$402.78,4.3,3,XXL,Women
Jacket 786,$421.83,5.0,3,S,Unisex
Crewneck 787,$287.10,4.7,3,M,Men
T-shirt 788,$190.07,4.7,3,L,Women
Hoodie 789,$134.58,4.0,3,XL,Unisex
Pants 790,$106.77,3.2,3,XXL,Men
Unknown Product,$100.00,5,5,M,Men
Jacket 792,$254.31,3.8,3,M,Unisex
Crewneck 793,$540.63,4.0,3,L,Men
T-shirt 794,$373.94,4.0,3,XL,Women
Hoodie 795,$263.10,3.9,3,XXL,Unisex
Pants 796,No Price,Not Rated,8,S,Men
Outerwear 797,$173.21,4.9,3,M,Women
Jacket 798,$274.44,3.4,3,L,Unisex
Crewneck 799,$253.05,4.2,3,XL,Men
T-shirt 800,$464.58,4.6,3,XXL,Women
Unknown Product,$100.00,5,5,M,Men
Pants 802,$356.89,4.4,3,M,Men
Outerwear 803,$117.21,4.3,3,L,Women
Jacket 804,$278.69,3.9,3,XL,Unisex
Crewneck 805,$204.17,4.8,3,XXL,Men
T-shirt 806,$456.91,3.0,3,S,Women
Hoodie 807,$313.50,4.7,3,M,Unisex
Pants 808,$544.86,3.2,3,L,Men
Outerwear 809,$447.66,3.7,3,XL,Women
Jacket 810,$237.29,4.8,3,XXL,Unisex
Unknown Product,$100.00,5,5,M,Men
T-shirt 812,$400.38,4.2,3,M,Women
Hoodie 813,$304.55,5.0,3,L,Unisex
Pants 814,$69.38,4.7,3,XL,Men
Outerwear 815,$374.09,4.8,3,XXL,Women
Jacket 816,$103.07,4.5,3,S,Unisex
Crewneck 817,$546.51,4.4,3,M,Men
T-shirt 818,$322.52,3.8,3,L,Women
Hoodie 819,$296.40,4.7,3,XL,Unisex
Pants 820,$376.92,3.4,3,XXL,Men
Unknown Product,$100.00,5,5,M,Men
Jacket 822,$52.39,4.2,3,M,Unisex
Crewneck 823,$381.47,4.7,3,L,Men
T-shirt 824,$206.34,4.1,3,XL,Women
Hoodie 825,$66.15,3.8,3,XXL,Unisex
Pants 826,No Price,Not Rated,8,S,Men
Outerwear 827,$443.19,4.8,3,M,Women
Jacket 828,$145.25,4.6,3,L,Unisex
Crewneck 829,$289.40,4.4,3,XL,Men
T-shirt 830,$281.03,3.0,3,XXL,Women
Unknown Product,$100.00,5,5,M,Men
Pants 832,$247.21,4.6,3,M,Men
Outerwear 833,$443.83,3.0,3,L,Women
Jacket 834,$451.48,3.1,3,XL,Unisex
Crewneck 835,$446.46,3.9,3,XXL,Men
T-shirt 836,$379.09,4.1,3,S,Women
Hoodie 837,$345.79,5.0,3,M,Unisex
Pants 838,$178.05,3.1,3,L,Men
Outerwear 839,$263.02,3.9,3,XL,Women
Jacket 840,$510.29,3.6,3,XXL,Unisex
Unknown Product,$100.00,5,5,M,Men
T-shirt 842,$178.69,3.3,3,M,Women
Hoodie 843,$187.32,3.6,3,L,Unisex
Pants 844,$463.93,3.9,3,XL,Men
Outerwear 845,$126.45,3.2,3,XXL,Women
Jacket 846,$467.53,3.6,3,S,Unisex
Crewneck 847,$299.37,3.7,3,M,Men
T-shirt 848,$383.39,4.1,3,L,Women
Hoodie 849,$488.51,3.5,3,XL,Unisex
Pants 850,$259.01,4.2,3,XXL,Men
Unknown Product,$100.00,5,5,M,Men
Jacket 852,$173.58,4.1,3,M,Unisex
Crewneck 853,$165.24,3.4,3,L,Men
T-shirt 854,$100.00,4.5,3,XL,Women
Hoodie 855,$203.11,5.0,3,XXL,Unisex
Pants 856,No Price,Not Rated,8,S,Men
Outerwear 857,$283.30,3.0,3,M,Women
Jacket 858,$234.29,3.7,3,L,Unisex
Crewneck 859,$401.16,3.0,3,XL,Men
T-shirt 860,$151.21,4.7,3,XXL,Women
Unknown Product,$100.00,5,5,M,Men
Pants 862,$258.21,3.3,3,M,Men
Outerwear 863,$66.96,4.0,3,L,Women
Jacket 864,$135.50,4.5,3,XL,Unisex
Crewneck 865,$425.32,3.9,3,XXL,Men
T-shirt 866,$149.94,3.2,3,S,Women
Hoodie 867,$81.49,3.3,3,M,Unisex
Pants 868,$467.11,4.6,3,L,Men
Outerwear 869,$377.52,4.5,3,XL,Women
Jacket 870,$399.69,3.5,3,XXL,Unisex
Unknown Product,$100.00,5,5,M,Men
T-shirt 872,$83.98,4.3,3,M,Women
Hoodie 873,$520.10,4.8,3,L,Unisex
Pants 874,$172.20,4.4,3,XL,Men
Outerwear 875,$156.67,4.6,3,XXL,Women
Jacket 876,$201.61,4.6,3,S,Unisex
Crewneck 877,$284.54,4.6,3,M,Men
T-shirt 878,$300.61,4.7,3,L,Women
Hoodie 879,$64.18,3.1,3,XL,Unisex
Pants 880,$406.11,4.3,3,XXL,Men
Unknown Product,$100.00,5,5,M,Men
Jacket 882,$401.31,3.3,3,M,Unisex
Crewneck 883,$368.82,3.6,3,L,Men
T-shirt 884,$463.42,4.3,3,XL,Women
Hoodie 885,$297.54,3.4,3,XXL,Unisex
Pants 886,No Price,Not Rated,8,S,Men
Outerwear 887,$487.90,3.8,3,M,Women
Jacket 888,$491.83,4.2,3,L,Unisex
Crewneck 889,$395.87,4.6,3,XL,Men
T-shirt 890,$402.44,4.7,3,XXL,Women
Unknown Product,$100.00,5,5,M,Men
Pants 892,$532.21,4.4,3,M,Men
Outerwear 893,$167.10,3.2,3,L,Women
Jacket 894,$184.16,4.8,3,XL,Unisex
Crewneck 895,$70.42,4.3,3,XXL,Men
T-shirt 896,$492.11,4.9,3,S,Women
Hoodie 897,$379.87,3.1,3,M,Unisex
Pants 898,$525.54,4.1,3,L,Men
Outerwear 899,$387.06,4.8,3,XL,Women
Jacket 900,$450.89,3.3,3,XXL,Unisex
Unknown Product,$100.00,5,5,M,Men
T-shirt 902,$197.75,3.6,3,M,Women
Hoodie 903,$163.62,4.1,3,L,Unisex
Pants 904,$209.77,3.9,3,XL,Men
Outerwear 905,$314.24,4.9,3,XXL,Women
Jacket 906,$268.86,3.9,3,S,Unisex
Crewneck 907,$545.79,4.9,3,M,Men
T-shirt 908,$497.18,4.2,3,L,Women
Hoodie 909,$523.99,3.6,3,XL,Unisex
Pants 910,$149.70,4.7,3,XXL,Men
Unknown Product,$100.00,5,5,M,Men
Jacket 912,$490.83,4.9,3,M,Unisex
Crewneck 913,$201.39,3.5,3,L,Men
T-shirt 914,$362.45,4.6,3,XL,Women
Hoodie 915,$165.57,4.2,3,XXL,Unisex
Pants 916,No Price,Not Rated,8,S,Men
Outerwear 917,$378.85,4.0,3,M,Women
Jacket 918,$336.30,3.3,3,L,Unisex
Crewneck 919,$522.75,4.7,3,XL,Men
T-shirt 920,$231.63,3.2,3,XXL,Women
Unknown Product,$100.00,5,5,M,Men
Pants 922,$75.68,4.4,3,M,Men
Outerwear 923,$152.24,3.7,3,L,Women
Jacket 924,$235.27,3.8,3,XL,Unisex
Crewneck 925,$493.80,4.5,3,XXL,Men
T-shirt 926,$119.44,4.6,3,S,Women
Hoodie 927,$481.65,3.5,3,M,Unisex
Pants 928,$244.48,3.4,3,L,Men
Outerwear 929,$78.34,3.3,3,XL,Women
Jacket 930,$108.82,4.9,3,XXL,Unisex
Unknown Product,$100.00,5,5,M,Men
T-shirt 932,$371.10,4.2,3,M,Women
Hoodie 933,$310.05,3.4,3,L,Unisex
Pants 934,$140.51,3.6,3,XL,Men
Outerwear 935,$378.00,4.1,3,XXL,Women
Jacket 936,$385.34,3.1,3,S,Unisex
Crewneck 937,$154.71,4.1,3,M,Men
T-shirt 938,$253.65,3.6,3,L,Women
Hoodie 939,$279.13,4.8,3,XL,Unisex
Pants 940,$361.00,3.7,3,XXL,Men
Unknown Product,$100.00,5,5,M,Men
Jacket 942,$498.31,3.0,3,M,Unisex
Crewneck 943,$285.69,4.4,3,L,Men
T-shirt 944,$98.64,4.6,3,XL,Women
Hoodie 945,$131.73,4.2,3,XXL,Unisex
Pants 946,No Price,Not Rated,8,S,Men
Outerwear 947,$442.48,4.6,3,M,Women
Jacket 948,$287.53,3.9,3,L,Unisex
Crewneck 949,$115.27,4.4,3,XL,Men
T-shirt 950,$480.73,4.9,3,XXL,Women
Unknown Product,$100.00,5,5,M,Men
Pants 952,$447.19,3.7,3,M,Men
Outerwear 953,$526.45,3.8,3,L,Women
Jacket 954,$242.42,4.1,3,XL,Unisex
Crewneck 955,$437.91,4.7,3,XXL,Men
T-shirt 956,$278.60,3.1,3,S,Women
Hoodie 957,$251.52,4.4,3,M,Unisex
Pants 958,$246.64,4.8,3,L,Men
Outerwear 959,$426.78,4.6,3,XL,Women
Jacket 960,$365.01,4.5,3,XXL,Unisex
Unknown Product,$100.00,5,5,M,Men
T-shirt 962,$180.49,4.1,3,M,Women
Hoodie 963,$494.76,4.6,3,L,Unisex
Pants 964,$242.83,3.3,3,XL,Men
Outerwear 965,$194.20,4.5,3,XXL,Women
Jacket 966,$531.22,4.9,3,S,Unisex
Crewneck 967,$109.00,3.5,3,M,Men
T-shirt 968,$252.82,4.4,3,L,Women
Hoodie 969,$264.49,3.8,3,XL,Unisex
Pants 970,$59.56,4.6,3,XXL,Men
Unknown Product,$100.00,5,5,M,Men
Jacket 972,$454.50,4.4,3,M,Unisex
Crewneck 973,$445.90,3.9,3,L,Men
T-shirt 974,$298.08,3.0,3,XL,Women
Hoodie 975,$301.00,3.6,3,XXL,Unisex
Pants 976,No Price,Not Rated,8,S,Men
Outerwear 977,$209.75,3.6,3,M,Women
Jacket 978,$244.89,3.6,3,L,Unisex
Crewneck 979,$303.03,3.4,3,XL,Men
T-shirt 980,$409.00,3.1,3,XXL,Women
Unknown Product,$100.00,5,5,M,Men
Pants 982,$455.11,4.9,3,M,Men
Outerwear 983,$360.16,3.2,3,L,Women
Jacket 984,$459.34,3.8,3,XL,Unisex
Crewneck 985,$389.75,4.3,3,XXL,Men
T-shirt 986,$419.61,4.5,3,S,Women
Hoodie 987,$250.50,4.7,3,M,Unisex
Pants 988,$128.39,3.5,3,L,Men
Outerwear 989,$429.34,4.2,3,XL,Women
Jacket 990,$207.96,4.2,3,XXL,Unisex
Unknown Product,$100.00,5,5,M,Men
T-shirt 992,$302.53,4.9,3,M,Women
Hoodie 993,$397.62,3.4,3,L,Unisex
Pants 994,$105.86,4.4,3,XL,Men
Outerwear 995,$502.92,3.2,3,XXL,Women
Jacket 996,$433.90,4.3,3,S,Unisex
Crewneck 997,$332.58,3.9,3,M,Men
T-shirt 998,$56.75,4.2,3,L,Women
Hoodie 999,$533.39,4.8,3,XL,Unisex
Pants 1000,$183.64,4.7,3,XXL,Men
